Workbook

Sheet Worksheet
A1: persona_id | B1: merged_text | C1: gold_fnb_street | D1: gold_fnb_fine | E1: gold_fnb_cafe | F1: gold_fnb_healthy | G1: gold_tour_cultural | H1: gold_tour_resort | I1: gold_tour_adventure | J1: gold_tour_food | K1: gold_tour_festival | L1: weaklabel_fnb_street | M1: weaklabel_fnb_fine | N1: weaklabel_fnb_cafe | O1: weaklabel_fnb_healthy | P1: weaklabel_tour_cultural | Q1: weaklabel_tour_resort | R1: weaklabel_tour_adventure | S1: weaklabel_tour_food | T1: weaklabel_tour_festival
A2: 145 | B2: Ho Thị Hương là một phụ nữ 55 tuổi, sống tại một căn nhà phố nhỏ trên đường Nguyễn Trãi, thành phố Hồ Chí Minh. Bà đã kết hôn và có một gia đình đông đúc với hơn 4 người. Bà không có nhiều học vấn nhưng đã tích lũy được nhiều kinh nghiệm trong kinh doanh. Thu nhập hàng tháng của bà là khoảng 10-20 triệu đồng. Ho Thị Hương là một người buôn bán và kinh doanh có kinh nghiệm. Bà có khả năng đàm phán tốt, quản lý hàng tồn kho hiệu quả và xây dựng mối quan hệ tốt với khách hàng quen. Ho Thị Hương yêu thích ẩm thực và có nhiều công thức nấu ăn truyền thống. Bà thường xuyên nấu các món hủ tiếu và bánh mì cho gia đình. Ho Thị Hương thích du lịch và khám phá các điểm đến mới. Bà thường xuyên lên kế hoạch cho những chuyến đi ngắn và trải nghiệm văn hóa mới. Bên cạnh kinh doanh, bà thích thêu tranh và làm bánh truyền thống. Bà cũng thường tham gia các lớp học về nghệ thuật và văn hóa Việt Nam. Sống trong một căn nhà phố nhỏ trên đường Nguyễn Trãi, Ho Thị Hương quen với không khí sôi động của Sài Gòn xưa và nay. Bà có thói quen đánh võng vào buổi sáng sớm, sau đó ghé quán hủ tiếu gần nhà. Những buổi tối, bà thường dạo phố đi bộ Nguyễn Huệ ngắm đèn hoa và xem nghệ thuật đường phố. | C2: 1 | D2: 0 | E2: 0 | F2: 0 | G2: 1 | H2: 0 | I2: 0 | J2: 1 | K2: 0 | L2: 0 | M2: 1 | N2: 1 | O2: 0 | P2: 0 | Q2: 1 | R2: 0 | S2: 1 | T2: 0
A3: 162 | B3: Phạm Vũ Đạt, một bạn trẻ đang sống trong không gian nhộn nhịp của Sài Gòn, mang trong mình sự hòa trộn giữa sự tò mò về công nghệ và văn hoá đa dạng của thành phố. Mặc dù chưa có nghề nghiệp cụ thể, Đạt có tiềm năng trở thành một chuyên gia tổ chức sự kiện với khả năng làm việc nhóm tốt và sự yêu thích khám phá các con đường mới của TP.HCM. Vị giác của Đạt bị cuốn hút bởi món hủ tiếu và bánh mì nóng, những thực phẩm mà anh có thể bắt gặp trong hành trình khám phá TP.HCM. Đạt thích khám phá những con đường mới của thành phố và đôi khi có thể đi phượt ra ngoại ô, tuy nhiên anh vẫn còn hạn chế trong việc lập kế hoạch cho những chuyến du lịch dài hạn. Anh yêu thích bóng đá và xem các trận đấu trực tiếp trên sân, nhưng cũng có thú vui riêng với bóng đá ảo trên máy tính. Khi rảnh, Đạt thích đi phượt cùng nhóm bạn thân và khám phá những con đường mới của TP.HCM. Anh cũng thích đọc sách về lịch sử và tham gia các diễn đàn online. Đạt lớn lên trong một khu chung cư cũ ở Sài Gòn, nơi anh được nghe tiếng rao hàng ngoài hẻm mỗi sáng và mùi thơm của bánh mì nóng. Anh quen với không gian đa văn hóa của thành phố, từ món hủ tiếu chua cay đậm đà đến âm thanh của lễ hội áo dài trên phố đi bộ Nguyễn Huệ. Tết Nguyên Đán luôn là thời điểm quan trọng, khi anh cùng gia đình gói bánh tét, dọn dẹp nhà cửa và trích tiền cho người nghèo. | C3: 1 | D3: 0 | E3: 0 | F3: 0 | G3: 1 | H3: 0 | I3: 1 | J3: 1 | K3: 1 | L3: 1 | M3: 0 | N3: 0 | O3: 0 | P3: 0 | Q3: 0 | R3: 1 | S3: 1 | T3: 0
A4: 174 | B4: Anh Khang, một cụ ông gốc Sài Gòn, sở hữu sự giao thoa giữa kinh nghiệm đời sống phong phú và sự hiện đại. Anh có sự kết hợp hài hòa giữa truyền thống và công nghệ trong cách tiếp cận cuộc sống, từ việc sửa chữa đồ điện đến sử dụng ứng dụng công nghệ thông tin. Anh Khang là một người có kinh nghiệm sửa chữa đồ điện và điện thoại, đồng thời có sở thích nấu ăn truyền thống và tham gia các hoạt động cộng đồng. Anh Khang thích thưởng thức các món ăn truyền thống Việt Nam, đặc biệt là các món như hủ tiếu, bánh mì và cơm tấm. Anh Khang thích khám phá các di tích lịch sử và tham gia các tour du lịch ngắn ngày trong nước, đặc biệt là các điểm đến ở miền Nam. Anh Khang rất thích chơi cầu lông và tham gia các buổi tập thể dục nhóm. Anh cũng có sở thích đọc sách về lịch sử Việt Nam và tham gia các buổi hòa nhạc dân gian. Anh Khang sinh ra trong một gia đình gốc Sài Gòn, lớn lên trong thời kỳ khó khăn của đất nước. Anh có thói quen dậy sớm uống trà đá và ăn sáng bằng bánh mì. Anh rất quan tâm đến lịch sử Sài Gòn và thường tham gia các lễ hội áo dài ở phố đi bộ Nguyễn Huệ. | C4: 1 | D4: 0 | E4: 0 | F4: 0 | G4: 1 | H4: 0 | I4: 0 | J4: 1 | K4: 1 | L4: 0 | M4: 0 | N4: 1 | O4: 0 | P4: 0 | Q4: 0 | R4: 0 | S4: 0 | T4: 1
A5: 262 | B5: Huỳnh Trung Dũng, một chàng trai trẻ với niềm đam mê nghệ thuật và tổ chức sự kiện, đang tìm kiếm cơ hội phát triển trong lĩnh vực này. Huỳnh Trung Dũng có kinh nghiệm tổ chức sự kiện và quản lý dự án nhỏ, đồng thời thành thạo trong việc sử dụng các công cụ thiết kế đồ họa để tạo ra các sản phẩm sáng tạo. Anh thích tự làm các món ăn truyền thống Việt Nam và thường xuyên thử nghiệm các công thức mới. Trung Dũng thích khám phá các địa điểm mới và có kế hoạch du lịch đến các thành phố lớn như Hà Nội và Đà Nẵng khi có dịp. Thích vẽ tranh và tham gia các buổi hòa nhạc. Cũng thích tự làm các món ăn truyền thống Việt Nam và tham gia các buổi tập yoga. Sống trong chung cư cũ ở Quận 6, quen với không khí sôi động của Sài Gòn. Thích tham gia lễ hội áo dài và những buổi biểu diễn nghệ thuật đường phố. Thường xuyên đến các quán hủ tiếu và bánh mì để tìm cảm hứng. | C5: 1 | D5: 0 | E5: 0 | F5: 1 | G5: 1 | H5: 0 | I5: 0 | J5: 1 | K5: 1 | L5: 1 | M5: 1 | N5: 0 | O5: 0 | P5: 0 | Q5: 1 | R5: 1 | S5: 0 | T5: 0
A6: 282 | B6: Nguyễn Văn Dũng là một thanh niên năng động, đam mê kinh doanh và khám phá những xu hướng mới mẻ. Anh luôn tìm kiếm cơ hội phát triển bản thân và mở rộng tầm ảnh hưởng trong lĩnh vực kinh doanh. Một kinh doanh viên trẻ tuổi, Nguyễn Văn Dũng có khả năng quản lý tốt và giải quyết vấn đề linh hoạt. Anh luôn tìm kiếm các cơ hội mở rộng kinh doanh và học hỏi kiến thức quốc tế để nâng cao trình độ. Anh Dũng thích thưởng thức các món ăn đường phố như hủ tiếu, bánh mì và cơm tấm. Anh cũng có niềm đam mê với việc nấu ăn và thử nghiệm các công thức mới. Anh Dũng yêu thích du lịch và khám phá những điểm đến mới mẻ. Anh mong muốn có thể du lịch nhiều nơi và trải nghiệm các nền văn hóa khác nhau. Anh Dũng thích tham gia các hoạt động xã hội và tình nguyện, đặc biệt là các sự kiện văn hóa như biểu diễn và các lễ hội đường phố. Anh cũng yêu thích thể thao, đặc biệt là bóng đá và cầu lông, và có niềm đam mê với các bộ phim và chương trình truyền hình hấp dẫn. Sống trong một căn hộ nhỏ tại khu vực trung tâm TP.HCM, anh Dũng quen với nhịp sống sôi động và văn hóa đa dạng. Những ngày lễ hội như lễ hội áo dài, Tết Nguyên Đán mang đến không khí vui tươi và tinh thần đoàn kết trong cộng đồng. Anh cũng thích khám phá những món ăn đường phố như hủ tiếu, bánh mì, và tham gia các hoạt động thể thao như bóng đá và cầu lông. | C6: 1 | D6: 0 | E6: 0 | F6: 0 | G6: 1 | H6: 1 | I6: 0 | J6: 1 | K6: 1 | L6: 1 | M6: 0 | N6: 0 | O6: 1 | P6: 0 | Q6: 1 | R6: 0 | S6: 1 | T6: 1
A7: 306 | B7: Trần Văn Sơn, 19 tuổi, một sinh viên trẻ tuổi, đam mê công nghệ và các hoạt động thể thao, với những giá trị văn hóa phong phú. Sơn là một sinh viên đại học, đang học chuyên ngành công nghệ thông tin, với mục tiêu trở thành một kỹ sư công nghệ thông tin. Anh ấy tận dụng kiến thức từ trường đại học để nghiên cứu và phát triển các dự án công nghệ mới. Sơn yêu thích các món ăn đặc sản của Sài Gòn, đặc biệt là hủ tiếu và bánh mì. Anh ấy cũng có sở thích nấu ăn và thử nghiệm các món ăn mới tại nhà. Sơn thường xuyên tham gia các tour du lịch địa phương, đặc biệt là đến các điểm du lịch nổi tiếng như Dinh Độc Lập và chợ Bến Thành. Anh ấy cũng có mong muốn khám phá các điểm du lịch quốc tế trong tương lai. Thích chơi cầu lông và tập gym vào cuối tuần, đồng thời tham gia các buổi giao lưu văn hóa tại nhà hát TP. Ngoài ra, anh cũng có niềm đam mê với các bộ phim hành động và tham gia các hoạt động tình nguyện. Sống trong một căn hộ nhỏ ở khu vực thành phố, nhưng vẫn giữ được những giá trị truyền thống của gia đình. Tham gia lễ hội áo dài cùng với gia đình vào các dịp lễ lớn như Tết Nguyên Đán, và thưởng thức các món ăn đặc sản như hủ tiếu và bánh mì. | C7: 1 | D7: 0 | E7: 0 | F7: 0 | G7: 1 | H7: 1 | I7: 0 | J7: 1 | K7: 1 | L7: 0 | M7: 0 | N7: 0 | O7: 0 | P7: 0 | Q7: 1 | R7: 0 | S7: 0 | T7: 1
A8: 331 | B8: Hoàng Thị Hương, 59 tuổi, một phụ nữ năng động và tích cực, đang làm việc trong lĩnh vực dịch vụ và phục vụ tại một khách sạn cao cấp ở Sài Gòn. Cô có khả năng tổ chức và sắp xếp công việc hiệu quả, đồng thời luôn sẵn sàng hỗ trợ và giúp đỡ các đồng nghiệp và khách hàng. Chuyên viên tổ chức sự kiện kiêm nhiệm, cô Hương có kinh nghiệm trong việc sắp xếp các hoạt động tổ chức sự kiện và đảm bảo mọi chi tiết đều được chuẩn bị chu đáo. Khả năng giao tiếp và tổ chức giúp cô trở thành một người đáng tin cậy và có tiếng trong cộng đồng. Cô Hương là một người sành ăn và thích nấu ăn. Cô thường xuyên tham gia các lớp học nấu ăn để học hỏi và thử nghiệm các món ăn mới. Cô đặc biệt yêu thích các món ăn truyền thống Việt Nam như hủ tiếu, bánh mì và cơm tấm. Cô Hương thích du lịch và khám phá các điểm đến mới. Cô đã từng tham quan các di tích lịch sử như Dinh Độc Lập và chợ Bến Thành. Cô cũng mong muốn tham gia các tour du lịch quốc tế trong tương lai. Cô thích tham gia các lớp học nấu ăn vào cuối tuần, khám phá các món ăn mới và tham dự các sự kiện văn hóa. Ngoài ra, cô cũng thích đi bộ trong công viên và gặp gỡ bạn bè vào cuối tuần. Sống trong một căn hộ chung cư ở trung tâm Sài Gòn, cô Hương quen với nhịp sống sôi động và ồn ào của thành phố. Tuy nhiên, cô vẫn duy trì thói quen nấu ăn tại nhà vào cuối tuần và thường xuyên tham dự các lễ hội áo dài để hòa mình vào không khí truyền thống. Cô có mối quan hệ tốt với hàng xóm nhờ tính cách hòa đồng và sẵn lòng giúp đỡ. | C8: 1 | D8: 0 | E8: 0 | F8: 0 | G8: 1 | H8: 0 | I8: 0 | J8: 1 | K8: 1 | L8: 0 | M8: 1 | N8: 0 | O8: 0 | P8: 0 | Q8: 1 | R8: 0 | S8: 0 | T8: 0
A9: 341 | B9: Anh Dung là một người đàn ông trung niên ở Sài Gòn, có kinh nghiệm làm việc lâu năm trong các lĩnh vực khác nhau. Anh không chỉ là một công nhân mà còn là một người có tinh thần yêu thích nghệ thuật và văn hóa. Anh Dung luôn có những sáng kiến độc đáo để kết nối cộng đồng qua các hoạt động văn hóa. Một công nhân lành nghề với nhiều năm kinh nghiệm trong việc đảm nhận các vị trí đa dạng, từ vận hành máy móc đến quản lý logistics, với tính cách tỉ mỉ và cẩn thận. Anh Dung yêu thích các món ăn đường phố như hủ tiếu, bánh mì và cơm tấm, và thường xuyên tham gia các lễ hội ẩm thực tại Sài Gòn. Anh Dung thích khám phá những địa điểm mới, đặc biệt là các khu du lịch nổi tiếng như Dinh Độc Lập và chợ Bến Thành. Anh Dung thích tham gia các hoạt động thể thao như bóng đá và cầu lông, đồng thời anh cũng yêu thích các buổi hòa nhạc và dạo chơi tại phố đi bộ Nguyễn Huệ. Anh Dung lớn lên trong không gian sống sôi động của Sài Gòn xưa, nơi có sự phong phú của văn hóa đa sắc tộc. Anh thích thưởng thức các món ăn đường phố như hủ tiếu và bánh mì, đồng thời yêu thích sự kết nối văn hóa qua các lễ hội như Tết Nguyên Đán. | C9: 1 | D9: 0 | E9: 0 | F9: 0 | G9: 1 | H9: 0 | I9: 0 | J9: 1 | K9: 1 | L9: 1 | M9: 0 | N9: 0 | O9: 0 | P9: 0 | Q9: 0 | R9: 0 | S9: 1 | T9: 1
A10: 359 | B10: Anh Nguyễn Văn Sơn, một người đàn ông trẻ tuổi, đang làm việc trong lĩnh vực sáng tạo nội dung trực tuyến. Anh ấy rất nhiệt tình với việc tạo ra nội dung mới và có khả năng sử dụng công cụ số. Sơn là một người sáng tạo nội dung trực tuyến, sử dụng các công cụ số để xây dựng và phát triển cộng đồng trực tuyến. Anh ấy có khả năng sáng tạo và tổ chức sự kiện trực tuyến. Anh ấy yêu thích các món ăn đặc trưng của Sài Gòn như hủ tiếu, bánh mì và cơm tấm. Anh ấy thích khám phá các món ăn mới và tham gia các sự kiện ẩm thực. Anh ấy thích khám phá các điểm du lịch và tham gia các sự kiện văn hóa ở Sài Gòn, đặc biệt là Dinh Độc Lập và chợ Bến Thành. Anh ấy muốn trải nghiệm nhiều hơn về văn hóa và ẩm thực miền Nam. Anh ấy thích đi dạo quanh thành phố, tham gia các cuộc thi bóng đá và karaoke. Anh ấy cũng có sở thích về nghệ thuật và thích tham gia các sự kiện văn hóa địa phương. Nguyễn Văn Sơn có thói quen sáng sớm tập thể dục ở công viên gần nhà, thường xuyên tham gia các lễ hội áo dài, ẩm thực và lễ hội truyền thống ở Sài Gòn. Anh ấy quan tâm đến những giá trị văn hóa địa phương và thích tham gia các hoạt động cộng đồng để truyền lại bản sắc văn hóa Việt Nam cho thế hệ trẻ. | C10: 1 | D10: 0 | E10: 0 | F10: 0 | G10: 1 | H10: 1 | I10: 0 | J10: 1 | K10: 1 | L10: 0 | M10: 0 | N10: 0 | O10: 1 | P10: 0 | Q10: 1 | R10: 0 | S10: 0 | T10: 1
A11: 361 | B11: Bà Đỗ Lan Yến, một tài xế giao hàng đã qua tuổi hưu, vẫn giữ được tinh thần trẻ trung và năng động khi điều khiển chiếc xe tải của mình qua các con phố Sài Gòn. Với mái tóc bạc phơ và đôi mắt luôn sáng suốt, bà là hình ảnh của sự kiên nhẫn và tận tụy trong công việc. Nhờ kinh nghiệm lái xe lâu năm, bà Đỗ Lan Yến có thể xử lý mọi tình huống giao thông phức tạp, từ những đoạn đường đông đúc đến các khu vực khó tiếp cận. Bà Đỗ Lan Yến thích nấu các món ăn miền Nam như hủ tiếu Nam Vang và bánh mì Pate, đặc biệt là khi có khách ghé thăm nhà. Bà Đỗ Lan Yến thích đi chợ Bến Thành vào các ngày cuối tuần để mua các món ăn truyền thống và khám phá những món mới, đồng thời cũng thích tham quan các khu di tích lịch sử như Dinh Độc Lập. Bà Đỗ Lan Yến thích tham gia các buổi tiệc sinh nhật và các lễ hội lớn như lễ hội áo dài. Bà cũng thích chăm sóc vườn rau nhỏ trong nhà, tập thể dục nhẹ nhàng như đi bộ và cầu lông, và xem các buổi diễn của Nhà hát TP. Sống trong căn nhà phố nhỏ ở quận Bình Thạnh, bà Đỗ Lan Yến đã quen với không khí sôi động của Sài Gòn qua những con phố tấp nập và những buổi chợ búa rộn ràng. Quê gốc miền Tây Nam Bộ, bà mang theo thói quen đón Tết Nguyên Đán bằng cách dọn dẹp nhà cửa, gói bánh tét, và tham dự lễ hội áo dài cuối năm ở công viên. Bà cũng thích nấu các món miền Nam như hủ tiếu Nam Vang và bánh mì Pate, những món ăn gắn liền với ký ức tuổi thơ. | C11: 1 | D11: 0 | E11: 0 | F11: 0 | G11: 1 | H11: 0 | I11: 0 | J11: 1 | K11: 1 | L11: 0 | M11: 0 | N11: 0 | O11: 0 | P11: 0 | Q11: 0 | R11: 0 | S11: 1 | T11: 1
A12: 374 | B12: Anh Đạt, một công nhân 40 tuổi tại Sài Gòn, mang trong mình tinh thần cầu tiến và sự kiên trì cần cù. Anh Đạt là một công nhân có kinh nghiệm trong vận hành máy móc và sửa chữa thiết bị điện tử, mong muốn trở thành kỹ sư điện và mở cửa hàng sửa chữa riêng. Anh Đạt mê hủ tiếu và bánh mì, đặc biệt là các món ăn đường phố tại Sài Gòn. Anh cũng tự nấu các món ăn đơn giản tại nhà, như canh chua và cá kho tộ. Anh Đạt thích du lịch đến các điểm đến nổi tiếng như Dinh Độc Lập và chợ Bến Thành, nơi anh có thể vừa thưởng thức các món ăn đặc sản vừa tìm hiểu văn hóa Sài Gòn. Anh Đạt thích tập gym và xem phim, đặc biệt là phim hành động. Anh cũng thích tham gia các sự kiện thể thao và du lịch. Anh Đạt sống trong một căn nhà tập thể ở quận 6, nơi vẫn giữ được vẻ bình dị của Sài Gòn xưa. Anh thường tham gia các lễ hội áo dài vào cuối tuần, thưởng thức hủ tiếu và bánh mì trên những con phố nhỏ. Anh có mối quan hệ thân thiết với hàng xóm và thích tham gia các cuộc trò chuyện tại các quán cà phê nhỏ. | C12: 1 | D12: 0 | E12: 1 | F12: 0 | G12: 1 | H12: 0 | I12: 0 | J12: 1 | K12: 1 | L12: 1 | M12: 0 | N12: 0 | O12: 0 | P12: 0 | Q12: 0 | R12: 0 | S12: 0 | T12: 1
A13: 395 | B13: Trần Văn Tuấn là một ông lão đã nghỉ hưu, sống trong một căn nhà phố cổ ở quận 5. Dù tuổi cao, ông vẫn giữ được tinh thần trẻ trung và nhiệt tình với các hoạt động cộng đồng. Trần Văn Tuấn từng là một thợ sửa xích lô, giờ đây ông chia sẻ kinh nghiệm sống với thế hệ trẻ qua các câu chuyện và bài học quý giá. Ông thích thưởng thức các món ăn truyền thống như hủ tiếu và bánh mì, và có thói quen tự làm các món ăn gia đình. Dù tuổi cao, ông vẫn thích du lịch và khám phá các di tích lịch sử, đặc biệt là các địa danh ở miền Nam Việt Nam. Thích chơi cầu lông, xem bóng đá, và tham gia các hoạt động cộng đồng như dọn vệ sinh các khu vực xanh. Cập nhật tin tức qua cả truyền hình và báo chí. Sống trong một căn nhà phố cổ ở quận 5, gần chợ Bến Thành. Thường xuyên tham gia các lễ hội áo dài, đón Tết với tục truyền thống gói bánh tét, dâng hương tổ tiên. Giao tiếp nhiều với họ hàng, hàng xóm, đặc biệt chú trọng các ngày lễ lớn. | C13: 1 | D13: 0 | E13: 0 | F13: 0 | G13: 1 | H13: 0 | I13: 1 | J13: 1 | K13: 1 | L13: 0 | M13: 0 | N13: 0 | O13: 0 | P13: 1 | Q13: 0 | R13: 1 | S13: 1 | T13: 0
... A301: 9983 | B301: Nguyễn Trung Minh, một người đàn ông lớn tuổi đang trải nghiệm tuổi nghỉ hưu sau khi rời khỏi cuộc sống bận rộn. Anh đã xây dựng một cuộc sống cân bằng giữa sự nghỉ ngơi và các hoạt động vui vẻ, phù hợp với lứa tuổi của mình. Minh có thể sống trong khu vực trung tâm thành phố, gần các địa điểm lịch sử và ẩm thực nổi tiếng. Người nghỉ hưu với kinh nghiệm trong việc quản lý tài chính cá nhân và sử dụng công nghệ thông tin cơ bản. Minh yêu thích món ăn truyền thống của Sài Gòn và thường xuyên thưởng thức các món ăn đặc sản như hủ tiếu và cơm tấm ở các quán ăn địa phương. Anh thích khám phá các điểm du lịch gần Sài Gòn và có thể tham gia các chuyến đi ngắn đến các địa điểm văn hóa và lịch sử ở Việt Nam. Minh có thể thích tham gia vào các hoạt động ngoài trời, như đi dạo trong công viên gần nhà hoặc tham gia các tour du lịch ngắn đến các điểm tham quan gần Sài Gòn, đặc biệt là khám phá văn hóa và lịch sử của thành phố. Một người lớn tuổi ở Sài Gòn, đã trải qua những giai đoạn biến đổi lớn của đô thị, Minh thừa hưởng những giá trị truyền thống từ lối sống cũ nhưng cũng hòa nhập với nhịp sống hiện đại. Anh có thể sống trong một căn hộ cũ của khu vực trung tâm, gần chợ Bến Thành và các địa điểm lịch sử, nơi có thể mua được các món ăn đặc sản như hủ tiếu và bánh mì, đồng thời cũng tham gia vào các lễ hội áo dài. | C301: 1 | D301: 0 | E301: 0 | F301: 0 | G301: 1 | H301: 0 | I301: 0 | J301: 0 | K301: 1 | L301: 0 | M301: 0 | N301: 0 | O301: 0 | P301: 1 | Q301: 0 | R301: 0 | S301: 1 | T301: 0

Sheet Kappa
A1: Cohen's Kappa: Gold Label vs Weak Label Agreement
A3: Category | B3: Gold col | C3: Weak col | D3: a (1,1) | E3: d (0,0) | F3: b (gold=1,weak=0) | G3: c (gold=0,weak=1) | H3: n | I3: Po (observed agreement) | J3: Pe (expected agreement) | K3: Kappa
A4: fnb_street | B4: C | C4: L | D4: =COUNTIFS(Worksheet!C2:C301,1,Worksheet!L2:L301,1) -> 116 | E4: =COUNTIFS(Worksheet!C2:C301,0,Worksheet!L2:L301,0) -> 2 | F4: =COUNTIFS(Worksheet!C2:C301,1,Worksheet!L2:L301,0) -> 182 | G4: =COUNTIFS(Worksheet!C2:C301,0,Worksheet!L2:L301,1) -> 0 | H4: =D4+E4+F4+G4 -> 300 | I4: =IFERROR((D4+E4)/H4,"") -> 0.39333333 | J4: =IFERROR(((D4+F4)*(D4+G4)+(G4+E4)*(F4+E4))/(H4*H4),"") -> 0.38817778 | K4: =IFERROR((I4-J4)/(1-J4),"") -> 0.0084265582
A5: fnb_fine | B5: D | C5: M | D5: =COUNTIFS(Worksheet!D2:D301,1,Worksheet!M2:M301,1) -> 19 | E5: =COUNTIFS(Worksheet!D2:D301,0,Worksheet!M2:M301,0) -> 245 | F5: =COUNTIFS(Worksheet!D2:D301,1,Worksheet!M2:M301,0) -> 1 | G5: =COUNTIFS(Worksheet!D2:D301,0,Worksheet!M2:M301,1) -> 35 | H5: =D5+E5+F5+G5 -> 300 | I5: =IFERROR((D5+E5)/H5,"") -> 0.88 | J5: =IFERROR(((D5+F5)*(D5+G5)+(G5+E5)*(F5+E5))/(H5*H5),"") -> 0.77733333 | K5: =IFERROR((I5-J5)/(1-J5),"") -> 0.46107784
A6: fnb_cafe | B6: E | C6: N | D6: =COUNTIFS(Worksheet!E2:E301,1,Worksheet!N2:N301,1) -> 22 | E6: =COUNTIFS(Worksheet!E2:E301,0,Worksheet!N2:N301,0) -> 230 | F6: =COUNTIFS(Worksheet!E2:E301,1,Worksheet!N2:N301,0) -> 22 | G6: =COUNTIFS(Worksheet!E2:E301,0,Worksheet!N2:N301,1) -> 26 | H6: =D6+E6+F6+G6 -> 300 | I6: =IFERROR((D6+E6)/H6,"") -> 0.84 | J6: =IFERROR(((D6+F6)*(D6+G6)+(G6+E6)*(F6+E6))/(H6*H6),"") -> 0.74026667 | K6: =IFERROR((I6-J6)/(1-J6),"") -> 0.38398357
A7: fnb_healthy | B7: F | C7: O | D7: =COUNTIFS(Worksheet!F2:F301,1,Worksheet!O2:O301,1) -> 59 | E7: =COUNTIFS(Worksheet!F2:F301,0,Worksheet!O2:O301,0) -> 187 | F7: =COUNTIFS(Worksheet!F2:F301,1,Worksheet!O2:O301,0) -> 29 | G7: =COUNTIFS(Worksheet!F2:F301,0,Worksheet!O2:O301,1) -> 25 | H7: =D7+E7+F7+G7 -> 300 | I7: =IFERROR((D7+E7)/H7,"") -> 0.82 | J7: =IFERROR(((D7+F7)*(D7+G7)+(G7+E7)*(F7+E7))/(H7*H7),"") -> 0.59093333 | K7: =IFERROR((I7-J7)/(1-J7),"") -> 0.55997392
A8: tour_cultural | B8: G | C8: P | D8: =COUNTIFS(Worksheet!G2:G301,1,Worksheet!P2:P301,1) -> 109 | E8: =COUNTIFS(Worksheet!G2:G301,0,Worksheet!P2:P301,0) -> 54 | F8: =COUNTIFS(Worksheet!G2:G301,1,Worksheet!P2:P301,0) -> 130 | G8: =COUNTIFS(Worksheet!G2:G301,0,Worksheet!P2:P301,1) -> 7 | H8: =D8+E8+F8+G8 -> 300 | I8: =IFERROR((D8+E8)/H8,"") -> 0.54333333 | J8: =IFERROR(((D8+F8)*(D8+G8)+(G8+E8)*(F8+E8))/(H8*H8),"") -> 0.43275556 | K8: =IFERROR((I8-J8)/(1-J8),"") -> 0.19493849
A9: tour_resort | B9: H | C9: Q | D9: =COUNTIFS(Worksheet!H2:H301,1,Worksheet!Q2:Q301,1) -> 35 | E9: =COUNTIFS(Worksheet!H2:H301,0,Worksheet!Q2:Q301,0) -> 249 | F9: =COUNTIFS(Worksheet!H2:H301,1,Worksheet!Q2:Q301,0) -> 0 | G9: =COUNTIFS(Worksheet!H2:H301,0,Worksheet!Q2:Q301,1) -> 16 | H9: =D9+E9+F9+G9 -> 300 | I9: =IFERROR((D9+E9)/H9,"") -> 0.94666667 | J9: =IFERROR(((D9+F9)*(D9+G9)+(G9+E9)*(F9+E9))/(H9*H9),"") -> 0.753 | K9: =IFERROR((I9-J9)/(1-J9),"") -> 0.78407557
A10: tour_adventure | B10: I | C10: R | D10: =COUNTIFS(Worksheet!I2:I301,1,Worksheet!R2:R301,1) -> 40 | E10: =COUNTIFS(Worksheet!I2:I301,0,Worksheet!R2:R301,0) -> 229 | F10: =COUNTIFS(Worksheet!I2:I301,1,Worksheet!R2:R301,0) -> 15 | G10: =COUNTIFS(Worksheet!I2:I301,0,Worksheet!R2:R301,1) -> 16 | H10: =D10+E10+F10+G10 -> 300 | I10: =IFERROR((D10+E10)/H10,"") -> 0.89666667 | J10: =IFERROR(((D10+F10)*(D10+G10)+(G10+E10)*(F10+E10))/(H10*H10),"") -> 0.69844444 | K10: =IFERROR((I10-J10)/(1-J10),"") -> 0.65733235
A11: tour_food | B11: J | C11: S | D11: =COUNTIFS(Worksheet!J2:J301,1,Worksheet!S2:S301,1) -> 140 | E11: =COUNTIFS(Worksheet!J2:J301,0,Worksheet!S2:S301,0) -> 47 | F11: =COUNTIFS(Worksheet!J2:J301,1,Worksheet!S2:S301,0) -> 95 | G11: =COUNTIFS(Worksheet!J2:J301,0,Worksheet!S2:S301,1) -> 17 | H11: =D11+E11+F11+G11 -> 299 | I11: =IFERROR((D11+E11)/H11,"") -> 0.62541806 | J11: =IFERROR(((D11+F11)*(D11+G11)+(G11+E11)*(F11+E11))/(H11*H11),"") -> 0.51434548 | K11: =IFERROR((I11-J11)/(1-J11),"") -> 0.22870699
A12: tour_festival | B12: K | C12: T | D12: =COUNTIFS(Worksheet!K2:K301,1,Worksheet!T2:T301,1) -> 176 | E12: =COUNTIFS(Worksheet!K2:K301,0,Worksheet!T2:T301,0) -> 50 | F12: =COUNTIFS(Worksheet!K2:K301,1,Worksheet!T2:T301,0) -> 58 | G12: =COUNTIFS(Worksheet!K2:K301,0,Worksheet!T2:T301,1) -> 16 | H12: =D12+E12+F12+G12 -> 300 | I12: =IFERROR((D12+E12)/H12,"") -> 0.75333333 | J12: =IFERROR(((D12+F12)*(D12+G12)+(G12+E12)*(F12+E12))/(H12*H12),"") -> 0.5784 | K12: =IFERROR((I12-J12)/(1-J12),"") -> 0.41492726
A14: Average Kappa (macro, across 9 categories) | K14: =AVERAGE(K4:K12) -> 0.41038251
A16: Landis & Koch (1977) guide: <0 poor, 0.00-0.20 slight, 0.21-0.40 fair, 0.41-0.60 moderate, 0.61-0.80 substantial, 0.81-1.00 almost perfect.
A17: Note: 'Worksheet'!J197 (gold_tour_food, persona_id 6592) contains value 10 instead of 0/1; it is excluded from the tour_food a/b/c/d counts above (n=299 for that row). Please correct the source cell and re-open (Excel) or recalculate to update.
